Country Name,Country Code,Series Name,Series Code,1960 [YR1960],1961 [YR1961],1962 [YR1962],1963 [YR1963],1964 [YR1964],1965 [YR1965],1966 [YR1966],1967 [YR1967],1968 [YR1968],1969 [YR1969],1970 [YR1970],1971 [YR1971],1972 [YR1972],1973 [YR1973],1974 [YR1974],1975 [YR1975],1976 [YR1976],1977 [YR1977],1978 [YR1978],1979 [YR1979],1980 [YR1980],1981 [YR1981],1982 [YR1982],1983 [YR1983],1984 [YR1984],1985 [YR1985],1986 [YR1986],1987 [YR1987],1988 [YR1988],1989 [YR1989],1990 [YR1990],1991 [YR1991],1992 [YR1992],1993 [YR1993],1994 [YR1994],1995 [YR1995],1996 [YR1996],1997 [YR1997],1998 [YR1998],1999 [YR1999],2000 [YR2000],2001 [YR2001],2002 [YR2002],2003 [YR2003],2004 [YR2004],2005 [YR2005],2006 [YR2006],2007 [YR2007],2008 [YR2008],2009 [YR2009],2010 [YR2010],2011 [YR2011],2012 [YR2012],2013 [YR2013],2014 [YR2014],2015 [YR2015],2016 [YR2016],2017 [YR2017],2018 [YR2018],2019 [YR2019]
United States,USA,"Share of youth not in education, employment or training, female (% of female youth population)",SL.UEM.NEET.FE.ZS,..,..,..,..,..,..,..,..,..,..,..,..,..,..,..,..,..,..,..,..,..,..,..,..,..,..,..,..,..,..,..,..,..,..,22.3318996429443,22.3278007507324,21.128999710083,19.721399307251,18.603099822998,18.3022994995117,18.1963005065918,18.5286998748779,19.3052005767822,19.1082000732422,18.9992008209229,18.8225994110107,18.1919994354248,17.7346000671387,18.3619003295898,19.9811992645264,20.1879005432129,19.8507995605469,19.7122993469238,19.0741996765137,17.9027004241943,16.2656002044678,15.7142000198364,14.6729001998901,14.3114995956421,13.5749998092651
United States,USA,"Share of youth not in education, employment or training, male (% of male youth population)",SL.UEM.NEET.MA.ZS,..,..,..,..,..,..,..,..,..,..,..,..,..,..,..,..,..,..,..,..,..,..,..,..,..,..,..,..,..,..,..,..,..,..,15.684700012207,15.1933002471924,15.0719995498657,14.4377002716064,13.796799659729,13.2802000045776,12.8263998031616,13.9082002639771,14.8449001312256,15.3753995895386,14.6963996887207,14.8255996704102,13.5383996963501,13.568699836731,15.4679002761841,19.1753005981445,19.5867004394531,17.9969997406006,17.8320007324219,17.3792991638184,15.6912002563477,14.7196998596191,14.299599647522,13.0153999328613,13.0036001205444,12.6083002090454
United States,USA,"Share of youth not in education, employment or training, total (% of youth population)",SL.UEM.NEET.ZS,..,..,..,..,..,..,..,..,..,..,..,..,..,..,..,..,..,..,..,..,..,..,..,..,..,..,..,..,..,..,..,..,..,..,19.0077991485596,18.7562007904053,18.0921993255615,17.056999206543,16.1777992248535,15.7820997238159,15.4990997314453,16.2098007202148,17.0622005462646,17.2322998046875,16.8302001953125,16.8066005706787,15.8425998687744,15.6288995742798,16.9020004272461,19.5751991271973,19.8848991394043,18.9080009460449,18.7646007537842,18.2199001312256,16.7879009246826,15.4868001937866,15.00119972229,13.8379001617432,13.6529998779297,13.08899974823
United States,USA,Unemployment with advanced education (% of total labor force with advanced education),SL.UEM.ADVN.ZS,..,..,..,..,..,..,..,..,..,..,..,..,..,..,..,..,..,..,..,..,..,..,..,..,..,..,..,..,..,..,..,..,..,..,3.00379991531372,2.84470009803772,2.66700005531311,2.29509997367859,2.06279993057251,2.11649990081787,1.93410003185272,2.56319999694824,3.3283998966217,3.45589995384216,3.09920001029968,2.71070003509521,2.42659997940063,2.41969990730286,3.01309990882874,5.3371000289917,5.47429990768433,5.13590002059937,4.74109983444214,4.32200002670288,3.69059991836548,3.03229999542236,2.90759992599487,2.68569993972778,2.45000004768372,2.38039994239807
United States,USA,"Unemployment with advanced education, female (% of female labor force with advanced education)",SL.UEM.ADVN.FE.ZS,..,..,..,..,..,..,..,..,..,..,..,..,..,..,..,..,..,..,..,..,..,..,..,..,..,..,..,..,..,..,..,..,..,..,3.17440009117126,3.04250001907349,2.85929989814758,2.46180009841919,2.28309988975525,2.14809989929199,2.09450006484985,2.58719992637634,3.1735999584198,3.24990010261536,3.05970001220703,2.79380011558533,2.51699995994568,2.49900007247925,3.09739995002747,5.0282998085022,5.25629997253418,5.16989994049072,4.98619985580444,4.44999980926514,3.82130002975464,3.14890003204346,2.95880007743835,2.79310011863709,2.48320007324219,2.41120004653931
United States,USA,"Unemployment with advanced education, male (% of male labor force with advanced education)",SL.UEM.ADVN.MA.ZS,..,..,..,..,..,..,..,..,..,..,..,..,..,..,..,..,..,..,..,..,..,..,..,..,..,..,..,..,..,..,..,..,..,..,2.85809993743896,2.67449998855591,2.49799990653992,2.14680004119873,1.86699998378754,2.08829998970032,1.78880000114441,2.54139995574951,3.46979999542236,3.64840006828308,3.13610005378723,2.63150000572205,2.33999991416931,2.34340000152588,2.93070006370544,5.64529991149902,5.69460010528564,5.10179996490479,4.49249982833862,4.19189977645874,3.5560998916626,2.91300010681152,2.85549998283386,2.57500004768372,2.41560006141663,2.34820008277893
United States,USA,Unemployment with basic education (% of total labor force with basic education),SL.UEM.BASC.ZS,..,..,..,..,..,..,..,..,..,..,..,..,..,..,..,..,..,..,..,..,..,..,..,..,..,..,..,..,..,..,..,..,..,..,12.5964002609253,12.0384998321533,11.3893003463745,10.3385000228882,9.53219985961914,9.30959987640381,8.66639995574951,9.6702995300293,10.1071996688843,10.3208999633789,9.88420009613037,8.80430030822754,8.12609958648682,7.95230007171631,10.4626998901367,14.8522996902466,15.273699760437,13.6007995605469,12.7385997772217,10.8105001449585,8.83930015563965,7.75990009307861,7.49170017242432,6.55060005187988,5.87220001220703,5.39629983901978
United States,USA,"Unemployment with basic education, female (% of female labor force with basic education)",SL.UEM.BASC.FE.ZS,..,..,..,..,..,..,..,..,..,..,..,..,..,..,..,..,..,..,..,..,..,..,..,..,..,..,..,..,..,..,..,..,..,..,14.3526000976563,13.7548999786377,13.7959995269775,12.3493995666504,11.3080997467041,11.2973003387451,10.5818004608154,11.7215995788574,12.086799621582,12.2812004089355,12.7054996490479,11.6464996337891,10.0180997848511,9.25710010528564,11.6152000427246,15.1513004302979,15.7552003860474,15.6234998703003,14.8256998062134,13.084400177002,11.5530004501343,8.98530006408691,9.68980026245117,8.02449989318848,7.07800006866455,6.8523998260498
United States,USA,"Unemployment with basic education, male (% of male labor force with basic education)",SL.UEM.BASC.MA.ZS,..,..,..,..,..,..,..,..,..,..,..,..,..,..,..,..,..,..,..,..,..,..,..,..,..,..,..,..,..,..,..,..,..,..,11.6372003555298,11.0913000106812,10.0663995742798,9.27499961853027,8.55410003662109,8.17870044708252,7.61910009384155,8.54360008239746,9.05500030517578,9.28400039672852,8.4370002746582,7.39160013198853,7.18559980392456,7.30810022354126,9.88589954376221,14.6949996948242,15.0268001556396,12.5367002487183,11.5965003967285,9.64439964294434,7.41550016403198,7.11800003051758,6.31309986114502,5.73789978027344,5.21920013427734,4.58949995040894
United States,USA,Unemployment with intermediate education (% of total labor force with intermediate education),SL.UEM.INTM.ZS,..,..,..,..,..,..,..,..,..,..,..,..,..,..,..,..,..,..,..,..,..,..,..,..,..,..,..,..,..,..,..,..,..,..,7.14480018615723,6.55569982528687,6.42320013046265,5.99650001525879,5.45749998092651,5.00589990615845,4.7923002243042,5.62709999084473,6.94140005111694,7.23250007629395,6.74300003051758,6.35179996490479,5.82889986038208,5.89499998092651,7.416100025177,11.7313995361328,12.3233995437622,11.5690002441406,10.4158000946045,9.67959976196289,8.09140014648438,7.08680009841919,6.47130012512207,5.76550006866455,5.17150020599365,4.83960008621216
United States,USA,"Unemployment with intermediate education, female (% of female labor force with intermediate education)",SL.UEM.INTM.FE.ZS,..,..,..,..,..,..,..,..,..,..,..,..,..,..,..,..,..,..,..,..,..,..,..,..,..,..,..,..,..,..,..,..,..,..,6.94610023498535,6.48460006713867,6.31020021438599,6.02099990844727,5.50069999694824,5.15630006790161,4.86059999465942,5.46700000762939,6.75379991531372,6.83540010452271,6.53350019454956,6.3193998336792,5.8358998298645,5.72289991378784,6.89379978179932,10.1288995742798,11.0254001617432,10.9098997116089,10.128399848938,9.20730018615723,7.92700004577637,6.99650001525879,6.40530014038086,5.73330020904541,5.19159984588623,4.82159996032715
United States,USA,"Unemployment with intermediate education, male (% of male labor force with intermediate education)",SL.UEM.INTM.MA.ZS,..,..,..,..,..,..,..,..,..,..,..,..,..,..,..,..,..,..,..,..,..,..,..,..,..,..,..,..,..,..,..,..,..,..,7.32030010223389,6.61870002746582,6.52279996871948,5.97499990463257,5.41960000991821,4.87230014801025,4.73190021514893,5.76849985122681,7.10629987716675,7.57919979095459,6.92369985580444,6.37930011749268,5.82299995422363,6.03970003128052,7.85230016708374,13.0598001480103,13.3892002105713,12.1056995391846,10.6506996154785,10.0626001358032,8.22309970855713,7.15889978408813,6.52379989624023,5.79080009460449,5.15579986572266,4.853600025177
United States,USA,"Unemployment, female (% of female labor force) (national estimate)",SL.UEM.TOTL.FE.NE.ZS,5.90000009536743,7.19999980926514,6.19999980926514,6.5,6.19999980926514,5.5,4.80000019073486,5.19999980926514,4.80000019073486,4.69999980926514,5.90000009536743,6.90000009536743,6.59999990463257,6,6.69999980926514,9.30000019073486,8.60000038146973,8.19999980926514,7.19999980926514,6.80000019073486,7.40000009536743,7.90000009536743,9.39999961853027,9.19999980926514,7.59999990463257,7.40000009536743,7.09999990463257,6.19999980926514,5.59999990463257,5.40000009536743,5.5,6.40000009536743,7,6.59999990463257,6.05280017852783,5.67129993438721,5.46960020065308,5.07359981536865,4.6201000213623,4.3383002281189,4.0984001159668,4.65380001068115,5.61289978027344,5.66529989242554,5.39820003509521,5.09649991989136,4.62739992141724,4.50169992446899,5.42159986495972,8.06900024414063,8.62129974365234,8.46310043334961,7.89300012588501,7.07569980621338,6.06029987335205,5.17850017547607,4.78879976272583,4.30859994888306,3.83769989013672,3.60949993133545
United States,USA,"Unemployment, male (% of male labor force) (national estimate)",SL.UEM.TOTL.MA.NE.ZS,5.40000009536743,6.40000009536743,5.19999980926514,5.19999980926514,4.59999990463257,4,3.20000004768372,3.09999990463257,2.90000009536743,2.79999995231628,4.40000009536743,5.30000019073486,5,4.19999980926514,4.90000009536743,7.90000009536743,7.09999990463257,6.30000019073486,5.30000019073486,5.09999990463257,6.90000009536743,7.40000009536743,9.89999961853027,9.89999961853027,7.40000009536743,7,6.90000009536743,6.19999980926514,5.5,5.19999980926514,5.69999980926514,7.19999980926514,7.90000009536743,7.19999980926514,6.17479991912842,5.63250017166138,5.43529987335205,4.93730020523071,4.41599988937378,4.11469984054565,3.89949989318848,4.79869985580444,5.93120002746582,6.27099990844727,5.6414999961853,5.07229995727539,4.61929988861084,4.72620010375977,6.09950017929077,10.2934999465942,10.5211000442505,9.37399959564209,8.22509956359863,7.63810014724731,6.26200008392334,5.36920022964478,4.93970012664795,4.396399974823,3.94679999351501,3.72210001945496
United States,USA,"Unemployment, total (% of total labor force) (national estimate)",SL.UEM.TOTL.NE.ZS,5.5,6.69999980926514,5.5,5.69999980926514,5.19999980926514,4.5,3.79999995231628,3.79999995231628,3.59999990463257,3.5,4.90000009536743,5.90000009536743,5.59999990463257,4.90000009536743,5.59999990463257,8.5,7.69999980926514,7.09999990463257,6.09999990463257,5.80000019073486,7.09999990463257,7.59999990463257,9.69999980926514,9.60000038146973,7.5,7.19999980926514,7,6.19999980926514,5.5,5.30000019073486,5.59999990463257,6.80000019073486,7.5,6.90000009536743,6.11870002746582,5.65040016174316,5.45109987258911,5.00029993057251,4.51049995422363,4.21880006790161,3.99200010299683,4.73129987716675,5.78319978713989,5.9886999130249,5.52860021591187,5.08349990844727,4.6230001449585,4.62209987640381,5.7842001914978,9.25419998168945,9.63339996337891,8.94919967651367,8.0693998336792,7.37489986419678,6.16750001907349,5.28000020980835,4.86920022964478,4.35519981384277,3.89560008049011,3.66919994354248
United States,USA,GDP (current US$),NY.GDP.MKTP.CD,543300000000,563300000000,605100000000,638600000000,685800000000,743700000000,815000000000,861700000000,942500000000,1019900000000,1073303000000,1164850000000,1279110000000,1425376000000,1545243000000,1684904000000,1873412000000,2081826000000,2351599000000,2627334000000,2857307000000,3207042000000,3343789000000,3634038000000,4037613000000,4338979000000,4579631000000,4855215000000,5236438000000,5641580000000,5963144000000,6158129000000,6520327000000,6858559000000,7287236000000,7639749000000,8073122000000,8577554463000,9062818211000,9630664202000,10252345464000,10581821399000,10936419054000,11458243878000,12213729147000,13036640229000,13814611414000,14451858650000,14712844084000,14448933025000,14992052727000,15542581104000,16197007349000,16784849190000,17521746534000,18219297584000,18707188235000,19485393853000,20529049174601.5,21374418877706.7
United States,USA,GDP growth (annual %),NY.GDP.MKTP.KD.ZG,..,2.29999999999968,6.10000000000012,4.39999999999992,5.8000000000003,6.39999999999976,6.50000000000028,2.50000000000003,4.79999999999959,3.09999999999999,-0.254079592763304,3.29336237777143,5.25889535776155,5.64571947037473,-0.540546529074902,-0.2054640121342,5.38813922657351,4.62415920683689,5.53530269328533,3.16615027095321,-0.256751930992138,2.53771869780746,-1.80287445271176,4.58392731566101,7.23661999357385,4.16965595430243,3.46265171279892,3.45957255534883,4.17704638444378,3.67265632851046,1.88596032309418,-0.108259105278663,3.52244249386644,2.75284432688012,4.0288390635428,2.68428713241977,3.77250131926519,4.44721634273408,4.48140755451207,4.75323598879717,4.12748401355853,0.9983407946565,1.7416952497298,2.86121076741024,3.79889112662393,3.51321379665302,2.85497229170015,1.87617145846693,-0.136579805460741,-2.53675706585665,2.56376655876581,1.55083550568156,2.24954585236993,1.84208107101101,2.45197303536034,2.88091046605219,1.56721516997864,2.21701033031884,2.92732272821085,2.33357749194288
Canada,CAN,"Share of youth not in education, employment or training, female (% of female youth population)",SL.UEM.NEET.FE.ZS,..,..,..,..,..,..,..,..,..,..,..,..,..,..,..,..,24.8211002349854,24.8556995391846,24.2663993835449,23.0251007080078,22.2966003417969,21.4902992248535,23.9549007415771,23.2780990600586,22.1033992767334,20.2481002807617,18.9214000701904,17.8532009124756,16.486400604248,15.8060998916626,16.6308994293213,17.2849006652832,17.9193992614746,17.913200378418,17.6270008087158,17.1671009063721,17.3166007995605,17.4004993438721,16.2327003479004,15.0324001312256,14.6833000183105,13.7662000656128,13.4848003387451,12.9209995269775,13.0376996994019,12.7718000411987,12.2546997070313,12.7771997451782,12.75,13.3156995773315,13.5100002288818,13.4126996994019,13.5046997070313,13.3984003067017,13.391900062561,13.3250999450684,12.8895998001099,12.1056995391846,12.2693996429443,11.6700000762939
Canada,CAN,"Share of youth not in education, employment or training, male (% of male youth population)",SL.UEM.NEET.MA.ZS,..,..,..,..,..,..,..,..,..,..,..,..,..,..,..,..,14.6159000396729,15.5483999252319,15.3224000930786,14.1464996337891,14.6680002212524,14.6494998931885,20.0037994384766,20.2560005187988,18.111400604248,16.5097007751465,15.6652002334595,14.0329999923706,12.8149995803833,12.2973003387451,13.7643995285034,16.5296001434326,16.8679008483887,16.6436996459961,15.8003997802734,14.9715003967285,15.2223997116089,14.4393997192383,14.3961000442505,13.4650001525879,13.1513004302979,12.9221000671387,12.9722995758057,13.4435997009277,13.1319999694824,12.7882995605469,12.4841003417969,11.8731002807617,12.7383003234863,15.3683004379272,14.6777000427246,13.8177995681763,14.0623998641968,13.5524997711182,14.382399559021,14.288800239563,14.0710000991821,13.0329999923706,13.3731002807617,13.0017004013062
Canada,CAN,"Share of youth not in education, employment or training, total (% of youth population)",SL.UEM.NEET.ZS,..,..,..,..,..,..,..,..,..,..,..,..,..,..,..,..,19.6793994903564,20.1679000854492,19.7600002288818,18.5478000640869,18.4463005065918,18.0352993011475,21.9561996459961,21.7460994720459,20.0746994018555,18.3453998565674,17.2628993988037,15.9079999923706,14.6183004379272,14.0226001739502,15.1731996536255,16.9008007049561,17.3836994171143,17.266300201416,16.6959991455078,16.0475006103516,16.2486000061035,15.8893003463745,15.2944002151489,14.2311000823975,13.8994998931885,13.3346004486084,13.2229995727539,13.1879997253418,13.0859003067017,12.7803001403809,12.3718996047974,12.316499710083,12.7440004348755,14.3576002120972,14.1023998260498,13.6183996200562,13.7885999679565,13.4770002365112,13.898099899292,13.8185997009277,13.4952001571655,12.581600189209,12.8366003036499,12.355299949646
Canada,CAN,Unemployment with advanced education (% of total labor force with advanced education),SL.UEM.ADVN.ZS,..,..,..,..,..,..,..,..,..,..,..,..,..,..,..,..,..,..,..,..,..,..,..,..,..,..,..,..,..,..,5.44479990005493,7.02629995346069,7.89069986343384,8.19839954376221,7.65240001678467,6.83769989013672,7.02409982681274,6.45919990539551,5.74669981002808,5.29549980163574,4.70429992675781,5.32229995727539,5.60669994354248,5.63859987258911,5.31519985198975,5.03630018234253,4.65560007095337,4.39599990844727,4.54320001602173,6.17579984664917,5.96600008010864,5.5391001701355,5.48509979248047,5.23909997940063,5.23789978027344,5.23159980773926,5.46220016479492,5.01579999923706,4.62309980392456,4.40740013122559
Canada,CAN,"Unemployment with advanced education, female (% of female labor force with advanced education)",SL.UEM.ADVN.FE.ZS,..,..,..,..,..,..,..,..,..,..,..,..,..,..,..,..,..,..,..,..,..,..,..,..,..,..,..,..,..,..,5.59110021591187,6.87750005722046,7.09450006484985,7.79169988632202,7.34969997406006,6.79370021820068,7.14510011672974,6.56549978256226,5.66739988327026,5.22910022735596,4.62900018692017,5.08680009841919,5.26579999923706,5.44259977340698,5.19210004806519,4.90549993515015,4.54899978637695,4.21490001678467,4.28980016708374,5.21129989624023,5.51749992370605,5.32520008087158,5.23839998245239,4.93249988555908,4.88009977340698,4.85799980163574,4.99329996109009,4.76359987258911,4.46180009841919,4.15850019454956
Canada,CAN,"Unemployment with advanced education, male (% of male labor force with advanced education)",SL.UEM.ADVN.MA.ZS,..,..,..,..,..,..,..,..,..,..,..,..,..,..,..,..,..,..,..,..,..,..,..,..,..,..,..,..,..,..,5.32719993591309,7.14849996566772,8.55239963531494,8.5403995513916,7.91039991378784,6.87569999694824,6.91839981079102,6.36740016937256,5.81580018997192,5.35400009155273,4.77089977264404,5.53380012512207,5.91529989242554,5.81699991226196,5.42889976501465,5.15810012817383,4.75530004501343,4.56790018081665,4.78459978103638,7.10640001296997,6.40100002288818,5.74790000915527,5.72970008850098,5.54370021820068,5.59009981155396,5.59700012207031,5.92689990997314,5.26910018920898,4.78529977798462,4.65420007705688
Canada,CAN,Unemployment with basic education (% of total labor force with basic education),SL.UEM.BASC.ZS,..,..,..,..,..,..,..,..,..,..,..,..,..,..,..,..,..,..,..,..,..,..,..,..,..,..,..,..,..,..,12.2256002426147,15.3549995422363,17.4517002105713,17.0645999908447,16.2765007019043,15.0644998550415,15.5572004318237,15.8184003829956,14.6215000152588,13.654899597168,12.5241003036499,12.9260997772217,13.9828996658325,13.742600440979,13.4878997802734,12.481499671936,12.3147001266479,12.0249004364014,11.9045000076294,15.8655996322632,16.11669921875,15.3964004516602,15.12380027771,14.709400177002,14.1194000244141,14.2843999862671,14.0538997650146,12.9463996887207,11.8515996932983,11.5943002700806
Canada,CAN,"Unemployment with basic education, female (% of female labor force with basic education)",SL.UEM.BASC.FE.ZS,..,..,..,..,..,..,..,..,..,..,..,..,..,..,..,..,..,..,..,..,..,..,..,..,..,..,..,..,..,..,12.253399848938,14.5607995986938,16.4745998382568,16.0021991729736,15.6963996887207,14.6850996017456,15.3323001861572,15.9299001693726,14.3837003707886,13.5984001159668,12.8100004196167,12.6833000183105,13.2729997634888,13.4953002929688,13.6738996505737,12.9148998260498,12.4470996856689,11.7404003143311,11.2196998596191,14.5293998718262,15.2462997436523,15.4085998535156,15.356499671936,15.0100002288818,14.2221002578735,14.1305999755859,13.7344999313354,12.5134000778198,12.1877002716064,11.5155000686646
Canada,CAN,"Unemployment with basic education, male (% of male labor force with basic education)",SL.UEM.BASC.MA.ZS,..,..,..,..,..,..,..,..,..,..,..,..,..,..,..,..,..,..,..,..,..,..,..,..,..,..,..,..,..,..,12.2061996459961,15.9158000946045,18.1257991790771,17.792200088501,16.6623992919922,15.3224000930786,15.7026996612549,15.743200302124,14.7856998443604,13.6934003829956,12.3238000869751,13.0946998596191,14.4713001251221,13.9132995605469,13.3599996566772,12.1930999755859,12.2197999954224,12.2244997024536,12.3773002624512,16.7801990509033,16.7189998626709,15.3879995346069,14.9743995666504,14.5145998001099,14.0515003204346,14.3849000930786,14.2636995315552,13.2249002456665,11.641300201416,11.6450996398926
Canada,CAN,Unemployment with intermediate education (% of total labor force with intermediate education),SL.UEM.INTM.ZS,..,..,..,..,..,..,..,..,..,..,..,..,..,..,..,..,..,..,..,..,..,..,..,..,..,..,..,..,..,..,7.75610017776489,10.2184000015259,10.8924999237061,11.5570001602173,10.1770000457764,9.60109996795654,9.76169967651367,9.1737003326416,8.58139991760254,7.78109979629517,7.01300001144409,7.22489976882935,7.83139991760254,7.73839998245239,7.44250011444092,7.12510013580322,6.52619981765747,6.36420011520386,6.57170009613037,9.40569972991943,9.05939960479736,8.46720027923584,8.22029972076416,8.2371997833252,8.07240009307861,8.33119964599609,8.28919982910156,7.44180011749268,6.95620012283325,7.16429996490479
Canada,CAN,"Unemployment with intermediate education, female (% of female labor force with intermediate education)",SL.UEM.INTM.FE.ZS,..,..,..,..,..,..,..,..,..,..,..,..,..,..,..,..,..,..,..,..,..,..,..,..,..,..,..,..,..,..,7.8144998550415,9.51179981231689,10.1335000991821,11.1279001235962,9.77050018310547,9.31280040740967,9.46920013427734,9.04319953918457,8.35159969329834,7.55649995803833,6.96019983291626,6.97200012207031,7.47030019760132,7.30249977111816,6.99399995803833,6.66190004348755,6.21939992904663,5.94479990005493,6.13730001449585,7.96979999542236,8.09479999542236,7.8112998008728,7.74429988861084,7.88570022583008,7.64050006866455,7.71269989013672,7.28049993515015,6.93739986419678,6.61509990692139,6.70410013198853
Canada,CAN,"Unemployment with intermediate education, male (% of male labor force with intermediate education)",SL.UEM.INTM.MA.ZS,..,..,..,..,..,..,..,..,..,..,..,..,..,..,..,..,..,..,..,..,..,..,..,..,..,..,..,..,..,..,7.70100021362305,10.8860998153687,11.6072998046875,11.9568004608154,10.5576000213623,9.8661003112793,10.0319995880127,9.29310035705566,8.79249954223633,7.98799991607666,7.06139993667603,7.45359992980957,8.16180038452148,8.14099979400635,7.84940004348755,7.54129981994629,6.80039978027344,6.73850011825562,6.95559978485107,10.6775999069214,9.9109001159668,9.03279972076416,8.62409973144531,8.53380012512207,8.43319988250732,8.83360004425049,9.09860038757324,7.84040021896362,7.22639989852905,7.52519989013672
Canada,CAN,"Unemployment, female (% of female labor force) (national estimate)",SL.UEM.TOTL.FE.NE.ZS,..,..,..,..,..,..,..,..,..,..,4.5,5.09999990463257,5.30000019073486,5.09999990463257,4.90000009536743,..,8.20590019226074,9.17070007324219,9.54660034179688,8.6923999786377,8.32880020141602,8.25609970092773,10.7433004379272,11.5626001358032,11.3092002868652,10.5691995620728,9.75679969787598,9.20429992675781,8.19019985198975,7.76739978790283,8.09130001068115,9.6899995803833,10.1921997070313,10.6768999099731,9.79619979858398,9.11470031738281,9.28829956054688,8.91849994659424,7.9867000579834,7.29330015182495,6.69469976425171,6.85620021820068,7.12489986419678,7.1577000617981,6.85290002822876,6.46470022201538,6.09250020980835,5.64949989318848,5.65150022506714,7.01230001449585,7.23699998855591,7.00920009613037,6.82189989089966,6.59730005264282,6.39039993286133,6.2859001159668,6.24009990692139,5.85020017623901,5.49280023574829,5.25360012054443
Canada,CAN,"Unemployment, male (% of male labor force) (national estimate)",SL.UEM.TOTL.MA.NE.ZS,..,..,..,..,..,..,..,..,..,..,6.5,7,6.80000019073486,5.80000019073486,5.59999990463257,..,6.417799949646,7.35900020599365,7.63679981231689,6.76959991455078,7.01039981842041,7.16359996795654,11.2475004196167,12.3427000045776,11.3699998855591,10.4530000686646,9.47010040283203,8.52750015258789,7.42920017242432,7.3730001449585,8.1628999710083,10.822699546814,12.0130996704102,11.9490995407104,10.8856000900269,9.79759979248047,9.89410018920898,9.25179958343506,8.52340030670166,7.8274998664856,6.94250011444092,7.52820014953613,8.12969970703125,7.93590021133423,7.47590017318726,7.01469993591309,6.52150011062622,6.38019990921021,6.56860017776489,9.53849983215332,8.79310035705566,7.96250009536743,7.71600008010864,7.50439977645874,7.38479995727539,7.46070003509521,7.68030023574829,6.78140020370483,6.13700008392334,6.0310001373291
Canada,CAN,"Unemployment, total (% of total labor force) (national estimate)",SL.UEM.TOTL.NE.ZS,..,..,..,..,..,..,..,..,..,4.69999980926514,5.90000009536743,6.40000009536743,6.30000019073486,5.59999990463257,5.40000009536743,..,7.08960008621216,8.0487003326416,8.37580013275146,7.52530002593994,7.53679990768433,7.60710000991821,11.0403003692627,12.0184001922607,11.3444004058838,10.5024995803833,9.5930004119873,8.81999969482422,7.76189994812012,7.54650020599365,8.13109970092773,10.3161001205444,11.1969995498657,11.3768997192383,10.3951997756958,9.48890018463135,9.61970043182373,9.10050010681152,8.27849960327148,7.58309984207153,6.82870006561279,7.21859979629517,7.66480016708374,7.5738000869751,7.18529987335205,6.7581000328064,6.32030010223389,6.03609991073608,6.13710021972656,8.3439998626709,8.05550003051758,7.51109981536865,7.29180002212524,7.07359981536865,6.9141001701355,6.9064998626709,6.99889993667603,6.33970022201538,5.83080005645752,5.66260004043579
Canada,CAN,GDP (current US$),NY.GDP.MKTP.CD,40461721692.6468,40934952063.9468,42227447631.9159,45029988561.2124,49377522896.703,54515179580.7148,61088384036.6515,65668655501.1254,71829810519.8955,79148411661.6902,87896095224.4234,99271961477.5203,113082820992.019,131321859214.079,160408697648.262,173834029787.652,206575564401.623,211612156934.65,218632867449.812,243072102185.419,273853826377.01,306214863624.99,313506525087.136,340547711781.889,355372558103.621,364756499450.751,377437927311.983,431316742081.448,507354351182.254,565055743243.243,593929550908.468,610328183643.188,592387689252.916,577170761956.438,578139279437.61,604031623433.401,628546387972.131,652823920265.781,631813279406.808,676084000807.7,742295468318.632,736379777892.562,757950678646.53,892382413817.715,1023196771714.07,1169357979864.66,1315415197461.21,1464977190205.75,1549131208997.19,1371153004986.44,1613464422811.13,1788647906047.76,1828689329348.99,1847208522155.34,1803533209844.65,1556129524418.21,1528243213982.08,1649878054226.82,1716262621082.22,1736425629519.96
Canada,CAN,GDP growth (annual %),NY.GDP.MKTP.KD.ZG,..,3.16329168371298,7.42538477443719,5.34954645713648,6.64289441498821,6.31671417557232,6.70499176434708,3.09120596217809,4.99566660464043,5.04545636736964,3.23032779912118,3.97025075884994,5.50968370660274,6.83574225868233,3.28032301082798,1.46123685558312,5.87863011736891,3.4381514618451,3.6835088668206,3.71116848303683,2.15553738839604,3.47412632772519,-3.18726208465478,2.60133945424236,5.90845704176624,4.73739989428658,2.14497205292487,4.07295912526591,4.41011097816961,2.3169793070342,0.164672535628412,-2.08608547652285,0.900259569351178,2.66085657684695,4.4944662172487,2.69397626803128,1.61917246554633,4.28004008396165,2.79654246248219,3.97048264471769,4.91776271928404,1.40552759630168,3.42214614922985,3.81109019636681,3.91402875394738,4.99586090263904,4.16581760729689,6.86860886265184,1.00762267839971,-2.92840018378425,3.08949464358115,3.14688136648287,1.76222254955427,2.32912252230449,2.87003603874221,0.659176889011206,1.00139442897607,3.17072986626918,2.01363921173214,1.65604085428095
Mexico,MEX,"Share of youth not in education, employment or training, female (% of female youth population)",SL.UEM.NEET.FE.ZS,..,..,..,..,..,..,..,..,..,..,..,..,..,..,..,..,..,..,..,..,..,..,..,..,..,..,..,..,..,..,..,..,..,..,..,..,..,..,..,..,..,..,..,..,..,33.4122009277344,32.8610992431641,32.4630012512207,33.5794982910156,33.1169013977051,32.9648017883301,32.761100769043,32.323600769043,31.3575000762939,31.448299407959,30.7975997924805,30.5363998413086,29.4489002227783,28.6145992279053,27.7103996276855
Mexico,MEX,"Share of youth not in education, employment or training, male (% of male youth population)",SL.UEM.NEET.MA.ZS,..,..,..,..,..,..,..,..,..,..,..,..,..,..,..,..,..,..,..,..,..,..,..,..,..,..,..,..,..,..,..,..,..,..,..,..,..,..,..,..,..,..,..,..,..,8.62290000915527,8.69849967956543,8.85859966278076,9.51000022888184,10.9029998779297,11.1206998825073,10.6868000030518,9.87539958953857,9.45790004730225,9.29749965667725,8.80099964141846,8.59949970245361,8.06840038299561,8.29489994049072,8.88249969482422
Mexico,MEX,"Share of youth not in education, employment or training, total (% of youth population)",SL.UEM.NEET.ZS,..,..,..,..,..,..,..,..,..,..,..,..,..,..,..,..,..,..,..,..,..,..,..,..,..,..,..,..,..,..,..,..,..,..,..,..,..,..,..,..,..,..,..,..,..,21.4577007293701,21.3003997802734,21.0893001556396,21.9125995635986,22.1436996459961,22.1772003173828,21.816499710083,21.1443996429443,20.4650001525879,20.2758007049561,19.7476997375488,19.55299949646,18.7317008972168,18.4284000396729,18.296199798584
Mexico,MEX,Unemployment with advanced education (% of total labor force with advanced education),SL.UEM.ADVN.ZS,..,..,..,..,..,..,..,..,..,..,..,..,..,..,..,..,..,..,..,..,..,..,..,..,..,..,..,..,..,..,..,..,..,..,..,4.46999979019165,6.03000020980835,4.19000005722046,4.17999982833862,2.39000010490417,1.86000001430511,3.29999995231628,3.95880007743835,4.60249996185303,5.09469985961914,4.04739999771118,3.97199988365173,4.28170013427734,3.94099998474121,5.08629989624023,5.61009979248047,5.1628999710083,4.98369979858398,5.13570022583008,5.38350009918213,4.9524998664856,4.96339988708496,4.32919979095459,4.14979982376099,4.43599987030029
Mexico,MEX,"Unemployment with advanced education, female (% of female labor force with advanced education)",SL.UEM.ADVN.FE.ZS,..,..,..,..,..,..,..,..,..,..,..,..,..,..,..,..,..,..,..,..,..,..,..,..,..,..,..,..,..,..,..,..,..,..,..,6.98999977111816,8.35999965667725,5.76000022888184,5.94999980926514,3.44000005722046,2.84999990463257,4.30000019073486,5.13500022888184,5.96110010147095,6.66690015792847,4.33179998397827,4.49350023269653,4.78919982910156,4.42859983444214,5.09140014648438,5.74790000915527,5.36990022659302,5.16580009460449,5.35580015182495,5.41120004653931,5.16260004043579,4.89799976348877,4.51859998703003,4.39010000228882,4.55000019073486
Mexico,MEX,"Unemployment with advanced education, male (% of male labor force with advanced education)",SL.UEM.ADVN.MA.ZS,..,..,..,..,..,..,..,..,..,..,..,..,..,..,..,..,..,..,..,..,..,..,..,..,..,..,..,..,..,..,..,..,..,..,..,3.34999990463257,4.78999996185303,3.32999992370605,3.21000003814697,1.86000001430511,1.33000004291534,2.70000004768372,3.20190000534058,3.69449996948242,4.01520013809204,3.84509992599487,3.582200050354,3.89779996871948,3.56970000267029,5.08249998092651,5.50180006027222,4.99989986419678,4.83920001983643,4.95340013504028,5.36089992523193,4.78170013427734,5.01679992675781,4.17390012741089,3.9475998878479,4.33839988708496
Mexico,MEX,Unemployment with basic education (% of total labor force with basic education),SL.UEM.BASC.ZS,..,..,..,..,..,..,..,..,..,..,..,..,..,..,..,..,..,..,..,..,..,..,..,..,..,..,..,..,..,..,..,..,..,..,..,8.34000015258789,4.84999990463257,5.21999979019165,..,2.66000008583069,2.80999994277954,5.69999980926514,3.15229988098145,3.52550005912781,4.02279996871948,3.70650005340576,3.70919990539551,3.77180004119873,4.10340023040771,5.75930023193359,5.58099985122681,5.40609979629517,5.00509977340698,5.0310001373291,4.78090000152588,4.20650005340576,3.60240006446838,3.19160008430481,3.01729989051819,3.21630001068115
Mexico,MEX,"Unemployment with basic education, female (% of female labor force with basic education)",SL.UEM.BASC.FE.ZS,..,..,..,..,..,..,..,..,..,..,..,..,..,..,..,..,..,..,..,..,..,..,..,..,..,..,..,..,..,..,..,..,..,..,..,8.44999980926514,6.11999988555908,7.88000011444092,..,3.5,2.96000003814697,7.67999982833862,3.96289992332459,4.52419996261597,5.3814001083374,4.12230014801025,4.0496997833252,4.1528000831604,4.18120002746582,6.01929998397827,5.49840021133423,5.39849996566772,4.93499994277954,4.90520000457764,4.7681999206543,4.27250003814697,3.52609992027283,3.22090005874634,3.07870006561279,3.12400007247925
Mexico,MEX,"Unemployment with basic education, male (% of male labor force with basic education)",SL.UEM.BASC.MA.ZS,..,..,..,..,..,..,..,..,..,..,..,..,..,..,..,..,..,..,..,..,..,..,..,..,..,..,..,..,..,..,..,..,..,..,..,8.27999973297119,4.32000017166138,4.03999996185303,..,2.21000003814697,2.73000001907349,4.84000015258789,2.70939993858337,2.97709989547729,3.25250005722046,3.49469995498657,3.53119993209839,3.5715000629425,4.06260013580322,5.62290000915527,5.62370014190674,5.40999984741211,5.04269981384277,5.09940004348755,4.78760004043579,4.1710000038147,3.64429998397827,3.17549991607666,2.98399996757507,3.26869988441467
Mexico,MEX,Unemployment with intermediate education (% of total labor force with intermediate education),SL.UEM.INTM.ZS,..,..,..,..,..,..,..,..,..,..,..,..,..,..,..,..,..,..,..,..,..,..,..,..,..,..,..,..,..,..,..,..,..,..,..,..,7.48999977111816,6.59999990463257,4.80999994277954,..,..,3.60999989509583,4.35809993743896,5.03919982910156,5.67119979858398,4.61149978637695,4.56269979476929,4.59700012207031,4.93830013275146,6.48439979553223,6.16949987411499,6.11590003967285,5.95419979095459,5.8636999130249,5.88810014724731,5.35330009460449,4.82229995727539,4.18970012664795,4.01230001449585,4.10069990158081
Mexico,MEX,"Unemployment with intermediate education, female (% of female labor force with intermediate education)",SL.UEM.INTM.FE.ZS,..,..,..,..,..,..,..,..,..,..,..,..,..,..,..,..,..,..,..,..,..,..,..,..,..,..,..,..,..,..,..,..,..,..,..,..,10.1400003433228,9.53999996185303,6.42000007629395,..,..,4.26999998092651,5.82950019836426,6.71890020370483,7.78940010070801,5.13360023498535,4.94290018081665,5.02880001068115,5.20970010757446,6.38940000534058,6.05889987945557,6.10279989242554,6.25589990615845,6.20240020751953,5.97550010681152,5.62039995193481,5.00360012054443,4.53210020065308,4.02799987792969,4.16599988937378
Mexico,MEX,"Unemployment with intermediate education, male (% of male labor force with intermediate education)",SL.UEM.INTM.MA.ZS,..,..,..,..,..,..,..,..,..,..,..,..,..,..,..,..,..,..,..,..,..,..,..,..,..,..,..,..,..,..,..,..,..,..,..,..,5.44000005722046,4.19999980926514,3.53999996185303,..,..,3.09999990463257,3.60120010375977,4.16149997711182,4.52570009231567,4.17840003967285,4.24410009384155,4.23629999160767,4.71960020065308,6.5605001449585,6.25629997253418,6.12610006332397,5.71969985961914,5.6048002243042,5.82310009002686,5.15539979934692,4.69140005111694,3.94429993629456,4.00110006332397,4.05399990081787
Mexico,MEX,"Unemployment, female (% of female labor force) (national estimate)",SL.UEM.TOTL.FE.NE.ZS,..,..,..,..,..,..,..,..,..,..,..,..,..,..,..,..,..,..,..,..,..,..,..,..,..,..,..,..,2.52999997138977,..,..,4.34299993515015,4.16300010681152,3.95099997520447,4.99900007247925,8.87899971008301,7.06400012969971,6.32100009918213,5.0789999961853,3.65700006484985,3.36400008201599,3.37100005149841,3.82039999961853,4.45599985122681,5.25069999694824,3.90100002288818,3.88240003585815,3.99230003356934,4.03439998626709,5.35340023040771,5.18459987640381,5.12919998168945,4.87750005722046,4.9552001953125,4.84700012207031,4.45149993896484,3.90840005874634,3.59890007972717,3.42549991607666,3.51869988441467
Mexico,MEX,"Unemployment, male (% of male labor force) (national estimate)",SL.UEM.TOTL.MA.NE.ZS,..,..,..,..,..,..,..,..,..,..,..,..,..,..,..,..,..,..,..,..,..,..,..,..,..,..,..,..,1.4099999666214,..,..,2.60999989509583,2.80999994277954,3.03099989891052,4.17000007629395,6.24300003051758,4.6560001373291,3.11999988555908,3.02300000190735,2.0460000038147,2.25999999046326,2.23300004005432,2.56809997558594,2.91560006141663,3.20289993286133,3.35890007019043,3.37750005722046,3.40720009803772,3.77819991111755,5.35820007324219,5.37449979782104,5.19430017471313,4.89279985427856,4.8882999420166,4.78649997711182,4.22749996185303,3.8283998966217,3.30920004844666,3.19420003890991,3.45970010757446
Mexico,MEX,"Unemployment, total (% of total labor force) (national estimate)",SL.UEM.TOTL.NE.ZS,..,..,..,..,..,..,..,..,..,..,..,..,..,..,..,..,..,..,..,..,..,..,..,..,..,..,..,..,1.75999999046326,..,..,3.14499998092651,3.23499989509583,3.36500000953674,4.43599987030029,7.09499979019165,5.46500015258789,4.2350001335144,3.73300004005432,2.59800004959106,2.64599990844727,2.62700009346008,3.0025999546051,3.45530009269714,3.93650007247925,3.55789995193481,3.56599998474121,3.6275999546051,3.87409996986389,5.35640001296997,5.30329990386963,5.1697998046875,4.88700008392334,4.91389989852905,4.80940008163452,4.31269979476929,3.85899996757507,3.41960000991821,3.28290009498596,3.48280000686646
Mexico,MEX,GDP (current US$),NY.GDP.MKTP.CD,13040000000,14160000000,15200000000,16960000000,20080000000,21840000000,24320000000,26560000000,29360000000,32480000000,35520000000,39200000000,45200000000,55280000000,72000000000,88000000000,89025974025.974,81814159292.0354,102500000000,134561403508.772,205139086956.522,263959336734.694,184609157801.418,156159198584.513,184261495828.367,195219789801.479,134550096436.744,147540738281.817,181611549975.804,221400669713.589,261253582805.945,313142768453.485,363157598242.27,500736065605.341,527813238126.278,360073909243.855,410975595310.156,500413483109.175,526502129378.284,600232874042.927,707906744574.644,756706300589.791,772106378935.377,729336319677.449,782240601984.76,877476221382.101,975387131716.089,1052696282278.88,1109989063586.62,900045350649.351,1057801295584.05,1180489601957.61,1201089987015.45,1274443084716.57,1314563967425.24,1170564619927.69,1077903618176.07,1157736189998.15,1220699479845.98,1258286717124.53
Mexico,MEX,GDP growth (annual %),NY.GDP.MKTP.KD.ZG,..,5.0000000024334,4.66441466819312,8.10688692769648,11.9054807682312,7.09999999585864,6.09613930404728,5.85492487760943,9.42327881833562,3.41862002555953,6.5024840333226,3.76246768583204,8.22880731164975,7.86111986077987,5.77682722978703,5.74448504962173,4.4174441350436,3.39063970677674,8.95694232825602,9.69817013786907,9.23325198388645,8.52560666281634,-0.520808041863248,-3.48642180362442,3.41081413532642,2.18769311647023,-3.07895537526313,1.72243931164817,1.28326099740492,4.10550933059433,5.17576838619527,4.21475483867759,3.54110241594962,1.94115584773009,4.94108067568743,-6.29123082110115,6.77325869445045,6.8468522786243,5.16392516795146,2.75355424748236,4.94245371467422,-0.404390126692846,-0.0398444814685348,1.44638268370363,3.92059081028791,2.30780706591736,4.49507789421408,2.29144571429802,1.14358458719398,-5.28574413681748,5.11811814321162,3.66300792950094,3.64232267941347,1.35409196151679,2.80434012838097,3.28799159933094,2.91054645929347,2.11808234691182,2.13595812119722,-0.145602324756538
,,,,,,,,,,,,,,,,,,,,,,,,,,,,,,,,,,,,,,,,,,,,,,,,,,,,,,,,,,,,,,,
,,,,,,,,,,,,,,,,,,,,,,,,,,,,,,,,,,,,,,,,,,,,,,,,,,,,,,,,,,,,,,,
,,,,,,,,,,,,,,,,,,,,,,,,,,,,,,,,,,,,,,,,,,,,,,,,,,,,,,,,,,,,,,,
Data from database: World Development Indicators,,,,,,,,,,,,,,,,,,,,,,,,,,,,,,,,,,,,,,,,,,,,,,,,,,,,,,,,,,,,,,,
Last Updated: 10/15/2020,,,,,,,,,,,,,,,,,,,,,,,,,,,,,,,,,,,,,,,,,,,,,,,,,,,,,,,,,,,,,,,
